"","Model","Submodel","Year","Mean","Med","SD","Low.025","High.975"
"1","out4","Detection","2022",0.685214835388215,0.691867223005477,0.0749184810316078,0.512565433163828,0.813198824600139
"2","out4","Detection","2023",0.690438618535181,0.696023668492281,0.0770799070401169,0.519375789596781,0.825167357778115
"3","out4","Occupancy","2022",0.630800124464672,0.631203162497827,0.037221234920168,0.559444027179504,0.701799172022574
"4","out4","Occupancy","2023",0.630800124464672,0.631203162497827,0.0372212361610041,0.559444027179504,0.701799172022574
