"","Model","Submodel","Year","Mean","Med","SD","Low.025","High.975"
"1","out3","Detection","2022",0.78048920992404,0.784017357979386,0.0482249746194465,0.672566873643154,0.864262899322231
"2","out3","Detection","2023",0.348414645405048,0.341445539522823,0.0680375135725293,0.234708371808056,0.506743853022159
"3","out3","Occupancy","2022",0.72266187793562,0.722886965381099,0.0469165472653251,0.628104716382815,0.810988404083707
"4","out3","Occupancy","2023",0.72266187793562,0.722886965381099,0.0469165488293717,0.628104716382815,0.810988404083707
