"","Model","Submodel","Year","Mean","Med","SD","Low.025","High.975"
"1","out.sp3","Detection","2011",0.796167259002927,0.798531950168483,0.0424632760407298,0.707025051511708,0.870425705494311
"2","out.sp3","Detection","2016",0.796167259002927,0.798531950168483,0.0424633028487513,0.707025051511708,0.870425705494312
"3","out.sp3","Detection","2022",0.796167259002927,0.798531950168483,0.042463051226944,0.707025051511708,0.87042570549431
"4","out.sp3","Occupancy","2011",0.515748040381466,0.517320563028626,0.213262605639841,0.0981034713702529,0.918255985323251
"5","out.sp3","Occupancy","2016",0.37935021549832,0.357066727312006,0.206279807236415,0.0447329533975934,0.836507643961065
"6","out.sp3","Occupancy","2022",0.744557294902772,0.776232771495191,0.169284025370948,0.309872134364462,0.978795123254371
