"","Model","Submodel","Year","Mean","Med","SD","Low.025","High.975"
"1","out.sp2","Detection","2011",0.792661182152393,0.795558235454658,0.0429427002572747,0.69995253324213,0.869068095700004
"2","out.sp2","Detection","2016",0.792661182152393,0.795558235454658,0.0429427273679674,0.69995253324213,0.869068095700006
"3","out.sp2","Detection","2022",0.792661182152393,0.795558235454658,0.0429424729052679,0.69995253324213,0.8690680957
"4","out.sp2","Occupancy","2011",0.64081049044241,0.726655098485771,0.299155232643542,0.0613420269511159,0.994798848724465
"5","out.sp2","Occupancy","2016",0.530487673792934,0.537523403680891,0.284993110153414,0.0416838615279878,0.969486606448522
"6","out.sp2","Occupancy","2022",0.680370272753246,0.714454901794986,0.222808856606552,0.180725514092077,0.987932726076386
