"","Model","Submodel","Year","Mean","Med","SD","Low.025","High.975"
"1","out.sp4","Detection","2011",0.795583949579669,0.798688049834937,0.0423626593038447,0.703117275212947,0.869106652511796
"2","out.sp4","Detection","2016",0.795583949579669,0.798688049834937,0.0423626860483445,0.703117275212947,0.869106652511797
"3","out.sp4","Detection","2022",0.795583949579669,0.798688049834937,0.0423624350227551,0.703117275212947,0.869106652511796
"4","out.sp4","Occupancy","2011",0.525974282791972,0.547650502297214,0.319110749195089,0.0208691834972623,0.989224035560399
"5","out.sp4","Occupancy","2016",0.371898884931847,0.310568505740242,0.279834779313579,0.0105514577324802,0.933850103159789
"6","out.sp4","Occupancy","2022",0.742980319857911,0.792044499169562,0.209126932827889,0.221431695948066,0.994223654120761
