"","Model","Submodel","Year","Mean","Med","SD","Low.025","High.975"
"1","out4","Detection","2011",0.792881428453144,0.795140760799066,0.0435554735605009,0.700004195082537,0.869682300014628
"2","out4","Detection","2016",0.792881428453144,0.795140760799066,0.0435555010580512,0.700004195082537,0.869682300014643
"3","out4","Detection","2022",0.792881428453144,0.795140760799066,0.0435552429642817,0.700004195082537,0.869682300014569
"4","out4","Occupancy","2011",0.659946833896629,0.73740856572092,0.253847719630165,0.159110577999381,0.983620340889759
"5","out4","Occupancy","2016",0.556089116535518,0.530348732168023,0.241680211555812,0.124871831340633,0.932514302807314
"6","out4","Occupancy","2022",0.672367163213235,0.669137225025918,0.155780047129848,0.378155298048996,0.958368126840757
