"","Model","Submodel","Year","Mean","Med","SD","Low.025","High.975"
"1","out6","Detection","2011",0.793988727853324,0.796783608730075,0.0428228716190134,0.700665446593652,0.870160618095424
"2","out6","Detection","2016",0.793988727853324,0.796783608730075,0.0428228986540557,0.700665446593652,0.870160618095427
"3","out6","Detection","2022",0.793988727853324,0.796783608730075,0.0428226449014167,0.700665446593652,0.870160618095413
"4","out6","Occupancy","2011",0.522471477805096,0.542709219184597,0.275138393958492,0.0686824960760549,0.961395442521547
"5","out6","Occupancy","2016",0.372567139049644,0.322641528007802,0.237074309100947,0.0442307694298044,0.848819760171983
"6","out6","Occupancy","2022",0.745357226333374,0.751739844286818,0.132685788981342,0.470332000971641,0.969462488821287
