"","Model","Submodel","Year","Mean","Med","SD","Low.025","High.975"
"1","out5","Detection","2011",0.794799798244815,0.796337598751864,0.0433972068806058,0.701262999698388,0.871672385938367
"2","out5","Detection","2016",0.794799798244815,0.796337598751864,0.0433972342782388,0.701262999698388,0.871672385938371
"3","out5","Detection","2022",0.794799798244815,0.796337598751864,0.0433969771222997,0.701262999698388,0.871672385938349
"4","out5","Occupancy","2011",0.512110329885239,0.51123233521664,0.0948028510011138,0.331042081039163,0.701193316244303
"5","out5","Occupancy","2016",0.378849395729813,0.377982156689956,0.098971124879115,0.198612122055962,0.580081883964977
"6","out5","Occupancy","2022",0.74658417202327,0.747284955677028,0.0431564369810953,0.659295598127313,0.827286235605234
