"","Model","Submodel","Year","Mean","Med","SD","Low.025","High.975"
"1","out.sp1","Detection","2011",0.796704662191293,0.799476539515155,0.0421131687864353,0.707255260518736,0.869880641160226
"2","out.sp1","Detection","2016",0.796704662191293,0.799476539515155,0.0421131953734262,0.707255260518736,0.869880641160226
"3","out.sp1","Detection","2022",0.796704662191293,0.799476539515155,0.0421129458262261,0.707255260518736,0.869880641160225
"4","out.sp1","Occupancy","2011",0.633635903657983,0.653547630061411,0.181351581040708,0.214432055777915,0.934160763632517
"5","out.sp1","Occupancy","2016",0.612006596591326,0.632052576644827,0.184178736876376,0.189592204249298,0.921053126559883
"6","out.sp1","Occupancy","2022",0.662481359292487,0.680933807520146,0.173466386164338,0.264722261518063,0.947092500373464
